アカデミックなめいが,,,,1,名詞,固有名詞,一般,*,*,アカデミックなめいが,yomi,hatuonn,(美術品)
あらぶるめいがの左,,,,1,名詞,固有名詞,一般,*,*,あらぶるめいがの左,yomi,hatuonn,(美術品)
あらぶるめいがの右,,,,1,名詞,固有名詞,一般,*,*,あらぶるめいがの右,yomi,hatuonn,(美術品)
いいかんじのめいが,,,,1,名詞,固有名詞,一般,*,*,いいかんじのめいが,yomi,hatuonn,(美術品)
いいめいが,,,,1,名詞,固有名詞,一般,*,*,いいめいが,yomi,hatuonn,(美術品)
いきなめいが,,,,1,名詞,固有名詞,一般,*,*,いきなめいが,yomi,hatuonn,(美術品)
いさましいめいが,,,,1,名詞,固有名詞,一般,*,*,いさましいめいが,yomi,hatuonn,(美術品)
いなせなめいが,,,1,名詞,固有名詞,一般,*,*,*,いなせなめいが,yomi,hatuonn,(美術品)
おごそかなめいが,,,1,名詞,固有名詞,一般,*,*,*,おごそかなめいが,yomi,hatuonn,(美術品)
おだやかなめいが,,,1,名詞,固有名詞,一般,*,*,*,おだやかなめいが,yomi,hatuonn,(美術品)
おちついためいが,,,1,名詞,固有名詞,一般,*,*,*,おちついためいが,yomi,hatuonn,(美術品)
おもしろいめいが,,,1,名詞,固有名詞,一般,*,*,*,おもしろいめいが,yomi,hatuonn,(美術品)
かちのあるめいが,,,1,名詞,固有名詞,一般,*,*,*,かちのあるめいが,yomi,hatuonn,(美術品)
きれいなめいが,,,1,名詞,固有名詞,一般,*,*,*,きれいなめいが,yomi,hatuonn,(美術品)
しずみゆくめいが,,,1,名詞,固有名詞,一般,*,*,*,しずみゆくめいが,yomi,hatuonn,(美術品)
しなやかなめいが,,,1,名詞,固有名詞,一般,*,*,*,しなやかなめいが,yomi,hatuonn,(美術品)
すごいめいが,,,1,名詞,固有名詞,一般,*,*,*,すごいめいが,yomi,hatuonn,(美術品)
すてきなめいが,,,1,名詞,固有名詞,一般,*,*,*,すてきなめいが,yomi,hatuonn,(美術品)
すばらしいめいが,,,1,名詞,固有名詞,一般,*,*,*,すばらしいめいが,yomi,hatuonn,(美術品)
たおやかなめいが,,,1,名詞,固有名詞,一般,*,*,*,たおやかなめいが,yomi,hatuonn,(美術品)
たぐいまれなるめいが,,,1,名詞,固有名詞,一般,*,*,*,たぐいまれなるめいが,yomi,hatuonn,(美術品)
ちからづよいめいが,,,1,名詞,固有名詞,一般,*,*,*,ちからづよいめいが,yomi,hatuonn,(美術品)
ちみつなめいが,,,1,名詞,固有名詞,一般,*,*,*,ちみつなめいが,yomi,hatuonn,(美術品)
なぞめいためいが,,,1,名詞,固有名詞,一般,*,*,*,なぞめいためいが,yomi,hatuonn,(美術品)
にぎやかなめいが,,,1,名詞,固有名詞,一般,*,*,*,にぎやかなめいが,yomi,hatuonn,(美術品)
ひかりのめいが,,,1,名詞,固有名詞,一般,*,*,*,ひかりのめいが,yomi,hatuonn,(美術品)
またたくめいが,,,1,名詞,固有名詞,一般,*,*,*,またたくめいが,yomi,hatuonn,(美術品)
みごとなめいが,,,1,名詞,固有名詞,一般,*,*,*,みごとなめいが,yomi,hatuonn,(美術品)
ゆうめいなめいが,,,1,名詞,固有名詞,一般,*,*,*,ゆうめいなめいが,yomi,hatuonn,(美術品)
よくみるめいが,,,1,名詞,固有名詞,一般,*,*,*,よくみるめいが,yomi,hatuonn,(美術品)
いしあたまなちょうこく,,,1,名詞,固有名詞,一般,*,*,*,いしあたまなちょうこく,yomi,hatuonn,(美術品)
いだいなちょうこく,,,1,名詞,固有名詞,一般,*,*,*,いだいなちょうこく,yomi,hatuonn,(美術品)
いにしえのちょうこく,,,1,名詞,固有名詞,一般,*,*,*,いにしえのちょうこく,yomi,hatuonn,(美術品)
うつくしいちょうこく,,,1,名詞,固有名詞,一般,*,*,*,うつくしいちょうこく,yomi,hatuonn,(美術品)
こうごうしいちょうこく,,,1,名詞,固有名詞,一般,*,*,*,こうごうしいちょうこく,yomi,hatuonn,(美術品)
しんぴてきなちょうこく,,,1,名詞,固有名詞,一般,*,*,*,しんぴてきなちょうこく,yomi,hatuonn,(美術品)
たくましいちょうこく,,,1,名詞,固有名詞,一般,*,*,*,たくましいちょうこく,yomi,hatuonn,(美術品)
てがかりのちょうこく,,,1,名詞,固有名詞,一般,*,*,*,てがかりのちょうこく,yomi,hatuonn,(美術品)
とてつもないちょうこく,,,1,名詞,固有名詞,一般,*,*,*,とてつもないちょうこく,yomi,hatuonn,(美術品)
なじみのあるちょうこく,,,1,名詞,固有名詞,一般,*,*,*,なじみのあるちょうこく,yomi,hatuonn,(美術品)
ぼせいあふれるちょうこく,,,1,名詞,固有名詞,一般,*,*,*,ぼせいあふれるちょうこく,yomi,hatuonn,(美術品)
もののふのちょうこく,,,1,名詞,固有名詞,一般,*,*,*,もののふのちょうこく,yomi,hatuonn,(美術品)
りりしいちょうこく,,,1,名詞,固有名詞,一般,*,*,*,りりしいちょうこく,yomi,hatuonn,(美術品)
